guid;stock;title;summary;published;p_date;sentiment_summary;sentiment_title
952aed04-265d-3a51-9c60-70b6452e46e6;M;Investor Update: Spirit Airlines, Macy's, Apple, Spotify;"The ""Motley Fool Money"" crew helps keep you up to speed.";Fri, 08 Mar 2024 18:44:08 +0000;M_2024-03-08;-0.0772;0.1779
baccd22c-fa8b-4935-977f-fa7b44686ad8;M;Abercrombie & Fitch CEO: We are on a march to $5 billion in sales;Abercrombie & Fitch posted another banner year after the stock soared 390% over the past 12 months.;Wed, 06 Mar 2024 17:59:06 +0000;M_2024-03-06;0.0;0.0
d40533f9-adff-38b9-91b3-0dff79f391c4;M;RPT-Target joins crowd of big US retailers seeking store expansion;"Target, for instance, is adding 300, Walmart , 150; Sam's Club, 30; Bloomingdale's, 15 and Bluemercury at least 30.  Walmart and Target have hailed consumers' fondness for store pickup and delivery services for driving visits and sales in their most recent results.  Walmart said online order pickup and delivery offerings helped drive its traffic up 4%.";Wed, 06 Mar 2024 12:00:00 +0000;M_2024-03-06;0.6597;0.0
6ce08267-56bc-37ae-84f3-1d4ce731d7d3;M;Target joins crowd of big US retailers seeking store expansion;"Target, for instance, is adding 300, Walmart , 150; Sam's Club, 30; Bloomingdale's, 15 and Bluemercury at least 30.  Walmart and Target have hailed consumers' fondness for store pickup and delivery services for driving visits and sales in their most recent results.  Walmart said online order pickup and delivery offerings helped drive its traffic up 4%.";Tue, 05 Mar 2024 23:14:21 +0000;M_2024-03-05;0.6597;0.0
53a78119-03ab-3cda-bef0-89894a5c5c9a;M;Nordstrom's weak 2024 forecasts overshadow strong holiday-quarter sales;"(Reuters) -Nordstrom forecast annual results largely below Wall Street expectations on Tuesday, signaling a slower-than-expected rebound in demand even as consumers see some relief from easing inflationary pressures, sending shares down 10% after the bell.  The company joins Macy's in signaling weak 2024 sales as retailers brace for another year where spending on non-essential items such as apparel and household equipment is likely to remain pressured.  ""We continue to see a cautious consumer that is mindful of discretionary purchases in light of inflation, higher interest rates,"" Nordstrom CFO Cathy Smith said.";Tue, 05 Mar 2024 21:07:54 +0000;M_2024-03-05;0.3182;0.1027
9c707b90-6219-35f4-a881-ba30d4c056e4;M;Macy's Real Estate Is Incredibly Valuable: Arkhouse CEO;"Arkhouse Managing Partner Gavriel Kahane says he ""sincerely hopes"" that Macy's considers the buyout offer of $24 per share from Arkhouse and Brigade Capital Management. He also says it's a shame that Macy's is planning to close 150 stores. He speaks on ""Bloomberg Markets.""";Tue, 05 Mar 2024 16:31:42 +0000;M_2024-03-05;0.6124;0.5256
bb2af144-c34b-3018-90d5-18f33749ad74;M;Stock Market News for Mar 5, 2024;Wall Street closed lower on Monday as market participants remained concerned about the trajectory of interest rate movement.;Tue, 05 Mar 2024 09:10:00 +0000;M_2024-03-05;0.2023;0.0
baeb9272-6535-3873-91f3-837f05917b47;M;Macy's gets another, bigger bid from Arkhouse, Brigade Capital;Arkhouse Management and Brigade Capital Management sent a bigger buyout offer to Macy’s over the weekend — to the tune of $24 per share they don't own. Their prior one was $21.;Tue, 05 Mar 2024 00:21:08 +0000;M_2024-03-05;0.296;0.0
fe100df0-ff71-3104-b800-c6f924c47466;M;Macy's stock soars after investor raises bid to take over retailer;Two investor groups are upping the ante on their bid to buy Macy's after prior rejection.;Mon, 04 Mar 2024 23:00:00 +0000;M_2024-03-04;-0.5423;0.0
d72aeecf-c818-38ad-8822-004292cca02f;M;US STOCKS-S&P 500 edges lower as investors hold their breath ahead of economic data;"The S&amp;P 500 closed slightly lower on Monday after a choppy trading day as investors took a pause ahead of economic data and Fed Chair Jerome Powell's congressional testimony.  Rallies in chip stocks, including Nvidia, helped advance the S&amp;P 500 to fresh intraday records during the session as investors continued to bet on demand for products powering artificial intelligence (AI) even though were broadly cautious ahead of economic data.  But the S&amp;P 500, after turning slightly positive late in the day, started to lose ground again in the last hour of trading to fall back into the red in the last few minutes of trading.";Mon, 04 Mar 2024 21:23:11 +0000;M_2024-03-04;0.4033;-0.296
2d7fe681-297c-3395-9952-6d81b0479011;M;This Retail Giant Surged 13% On Nearly $7 Billion Takeover Bid;Retail stock giant Macy's jumped Monday as the investor group looking to buy the company boosted its bid for the department store chain by nearly $1 billion for a total sum of just under $7 billion.  Real estate-focused investor Arkhouse Management and alternative asset manager Brigade Capital Management increased their bid for Macy's by nearly $1 billion late Sunday.  The Macy's board in late January rejected the $5.8 billion takeover offer.;Mon, 04 Mar 2024 21:02:26 +0000;M_2024-03-04;0.4215;0.0
52cd6507-90df-33f1-8d54-dfefb82684b7;M;What Macy’s 150 Store Closures Say About Retail and the Consumer;Macy's, Kontoor & Walmart set different paths ahead as consumer spending slows.;Mon, 04 Mar 2024 20:58:13 +0000;M_2024-03-04;0.0;0.0
04ac86a5-f697-330e-b2ab-a490b68e94a7;M;US STOCKS-S&P 500 inches higher ahead of economic data;"The S&amp;P 500 rose slightly on Monday afternoon after the S&amp;P 500 and the Nasdaq's record-closing highs on Friday and ahead of a week packed with economic data and Fed Chair Jerome Powell's congressional testimony.  The S&amp;P 500's communications services index was the benchmark's weakest sector while defensive utilities was its biggest gainer.";Mon, 04 Mar 2024 20:04:50 +0000;M_2024-03-04;-0.4939;0.0
2478d784-12ff-3436-94b5-4a7a21efaa2d;M;Stocks to Watch Monday: Apple, Spirit Airlines, Macy's, Coinbase;[**Nvidia (NVDA)**](https://www.wsj.com/market-data/quotes/NVDA): Shares climbed more than 5% in afternoon trading, after the chipmaker closed Friday with a market cap above $2 trillion. Other chip stocks, such as [**TSMC (TSM)**](https://www.;Mon, 04 Mar 2024 19:12:26 +0000;M_2024-03-04;0.296;0.1779
7f09e8f4-1308-32d5-a904-9272b83542ec;M;"US STOCKS-Wall St slips after record-breaking rally; economic data on tap";"Wall Street's main indexes lost some steam on Monday after the S&amp;P 500 and the Nasdaq's record-closing highs in the prior session, as investors paused at the start of a week packed with key jobs data and Fed Chair Jerome Powell's congressional testimony.  Most megacap stocks dropped, with U.S. Treasury yields on the rise.";Mon, 04 Mar 2024 17:10:20 +0000;M_2024-03-04;-0.128;0.0
e91237b4-58ea-3804-8bb7-d770cda976b5;M;Why Macy's (M) Stock Is Up Today;Shares of department store chain Macy’s (NYSE:M) jumped 18.5% in the pre-market session after the company announced it received a revised offer from Arkhouse Management and Brigade Capital to acquire all outstanding shares for $24.00 per share in cash they don't already own. The new offer is for $24 each, or $6.6 billion, up 14.3% from the $21/share offer announced in December 2023. The new offer represents a 33.3% premium to where Macy's shares closed on March 1, 2024.;Mon, 04 Mar 2024 16:58:05 +0000;M_2024-03-04;0.8957;0.0
a5c7280c-8da7-3825-bfa7-be43a54860ab;M;Macy’s Stock Rises as Investor Group Raises Buyout Bid. How the Battle’s Playing Out.;The investor group shopping for Macy’s is willing to pay a chunk more to secure the purchase of the department-store chain.;Mon, 04 Mar 2024 16:46:00 +0000;M_2024-03-04;0.3134;0.2023
27bb077f-6417-3014-a37e-b865b58b9189;M;Why Macy's Stock Is Having a Parade Today;Macy's stock should go up whether or not the retail stock gets bought out.;Mon, 04 Mar 2024 16:37:00 +0000;M_2024-03-04;0.0;0.0
9e4999f3-f2c7-3906-9178-84a122a7c8ed;M;"US STOCKS-Wall St dips after record-breaking rally; economic data on tap";"Wall Street's main indexes dipped on Monday after the S&amp;P 500 and the Nasdaq's record-closing highs in the prior session, as investors paused at the start of a week packed with key jobs data and Fed Chair Jerome Powell's congressional testimony.  The Nasdaq kicked off March by hitting an intraday all-time high on Friday, also closing at its highest level for the second day, as the artificial intelligence-driven tech rally continues to steal the spotlight on Wall Street.";Mon, 04 Mar 2024 15:10:26 +0000;M_2024-03-04;-0.4939;0.0
b541124e-942e-4e00-b9d3-82246820e38c;M;Macy's 'is melting away': Activist investor brings $6.6 billion bid to buyout battle;Macy's is trying to push forward with a new growth strategy while dealing with a growing buyout battle.;Mon, 04 Mar 2024 14:45:11 +0000;M_2024-03-04;0.1779;-0.3818
5dd301ed-0bfb-3716-9871-a2c0dbcd39f9;C;Citigroup Sounds Out Private Credit Firms for Peloton Loan;(Bloomberg) -- Citigroup Inc. has held discussions with private credit firms about providing fresh capital to Peloton Interactive Inc. to potentially refinance the company’s debt, according to people with knowledge of the matter.Most Read from BloombergBillions Pour Into Nigeria as Tinubu’s Reforms Start to Pay OffIs Now the Right Time to Invest in Bitcoin?United Plane Veers Off Runway in Third Boeing Mishap of WeekThe $1 Trillion Race to Rebuild Ukraine Is Slowly Getting GoingSummers Says Fed I;Sat, 09 Mar 2024 00:45:09 +0000;C_2024-03-09;0.25;0.3818
bc374a50-4cec-37dd-9899-ee6efee0520c;C;Vietnam’s Biggest Bank Taps Citi for $1 Billion Share Sale;(Bloomberg) -- JSC Bank for Foreign Trade of Vietnam has picked Citigroup Inc. to help arrange a share placement that may raise about $1 billion, according to people familiar with the matter.Most Read from BloombergChemical Linked to Cancer Found in Acne Creams Including Proactiv, ClearasilHuawei Chip Breakthrough Used Tech From Two US Gear SuppliersChina Readies $27 Billion Chip Fund to Counter Growing US CurbsStocks Rise as Jobs Data Show Fed in ‘Sweet Spot’: Markets WrapHow Trump’s Ex-Treasur;Fri, 08 Mar 2024 05:39:10 +0000;C_2024-03-08;0.0516;0.296
39f27c01-2a79-332b-af82-68ac7cffdfa8;C;Ex-Merrill Lynch Executive Don Plaus Joins Citi;Plaus, who previously led Merrill’s private wealth management unit, will become head of North America for Citi Private Bank.;Thu, 07 Mar 2024 20:27:00 +0000;C_2024-03-07;0.4939;0.0
9e4a4661-35fe-42de-ac24-2a688ade3409;C;Big banks are getting what they want from Washington;Federal Reserve Chair Jay Powell and FDIC Chair Martin Gruenberg said Thursday they anticipate changes to a controversial capital rule following pushback from big banks.;Thu, 07 Mar 2024 17:16:55 +0000;C_2024-03-07;-0.2023;0.0772
8fc5fd9f-94e3-34d8-a351-f89122ee09eb;C;Abu Dhabi taps banks for Etihad Airways IPO, Bloomberg News reports;Abu Dhabi wealth fund ADQ has chosen advisers, including HSBC Holdings, Citigroup and First Abu Dhabi Bank, for a potential initial public offering of Etihad Airways, Bloomberg News reported on Thursday.  Rothschild & Co is acting as an independent financial adviser to ADQ, which owns the United Arab Emirates' national carrier, the report said, citing people familiar with the matter.;Thu, 07 Mar 2024 16:44:50 +0000;C_2024-03-07;0.7269;0.0
adcae181-2c5e-33f6-843b-7127cb9264ce;C;Citi hires BofA vet Plaus to lead North America private bank;Don Plaus had announced his retirement from BofA's Merrill Lynch a year ago but had to delay his plans when Andy Sieg announced he was leaving. Plaus' hire reunites the two at Citi.;Thu, 07 Mar 2024 12:05:32 +0000;C_2024-03-07;-0.4497;0.0
218568e8-f713-3e9c-936b-f9a2164eb47a;C;Citigroup (C) Expects Higher IB Fees in Q1, Lower Market Revenues;Citigroup (C) expects investment banking fees to sequentially improve in the low-teens range in the first quarter of 2024. However, market revenues are expected to reduce by 8%-12% in the first quarter.;Wed, 06 Mar 2024 16:38:00 +0000;C_2024-03-06;0.4404;-0.296
5cef6567-001c-331a-a0de-a5576e4155ef;C;25 Most Indebted Companies in the World in 2024;In this article, we will list the 25 most indebted companies in the world in 2024. If you want to skip our discussion about interest rates and corporate debt, go to the 9 Most Indebted Companies in the World in 2024. Interest rates are expected to go down this year, but the Federal Reserve recently […];Wed, 06 Mar 2024 15:52:58 +0000;C_2024-03-06;0.34;0.0
2a8cef5b-b14f-3391-9ded-7169a832a773;C;Citi (C) Plans to Grow Asia Wealth Business From Hong Kong Base;As part of its efforts to tap into the growing wealth in Asia, Citi (C) plans to expand its wealth management business in the region from its base in Hong Kong.;Wed, 06 Mar 2024 14:43:00 +0000;C_2024-03-06;0.8555;0.4939
f50768af-9b93-339b-be39-a65d41de4bca;C;Citigroup CEO sees rising fees in investment banking, weaker markets revenue;NEW YORK (Reuters) -Citigroup expects investment banking fees to rise by a low-teens percentage in the first quarter versus the fourth quarter of 2023, CEO Jane Fraser told investors on Tuesday at a conference in New York.  Overall, Citi's financial results are likely to be better than expected for the first quarter, she added.  The bank's sweeping reorganization will be completed by the end of the month, Fraser said.;Tue, 05 Mar 2024 20:30:57 +0000;C_2024-03-05;0.4404;-0.4404
8eaec231-0d5c-3d59-a49d-4b52762c59f1;C;Citi’s Fraser Sees Banking Fees on the Rise;It’s not spring yet, but the investment-banking business is beginning to warm up after two down years for deals.  Citigroup Chief Executive Jane Fraser said Tuesday that sentiment among corporate clients “is definitely improving,” and predicted Citi’s investment-banking fees would rise by the “low teens” this quarter from the last three months of 2023.  While merger activity has perked up, investment banks like Citi need to wait until those deals close before they’re paid for their advisory work.;Tue, 05 Mar 2024 20:30:01 +0000;C_2024-03-05;0.8462;0.0
b1be9e2d-0855-3c8f-b035-6e68c79f89c0;C;UPDATE 2-Citigroup CEO sees rising fees in investment banking, weaker markets revenue;Citigroup expects investment banking fees to rise by a low-teens percentage in the first quarter versus the fourth quarter of 2023, CEO Jane Fraser told investors on Tuesday at a conference in New York.  Overall, Citi's financial results are likely to be better than expected for the first quarter, she added.  The bank's sweeping reorganization will be completed by the end of the month, Fraser said.;Tue, 05 Mar 2024 20:28:50 +0000;C_2024-03-05;0.4404;-0.4404
20777e00-6d8f-3994-abf7-3a70937025f5;C;Citigroup Looks to Deepen Ties With Mideast’s Richest Families;(Bloomberg) -- Citigroup Inc. has been dispatching its top investment bankers to spend more time with family offices across the Middle East as the funds look to deploy their riches in areas like real estate and private equity. Most Read from BloombergAmerica Blew Almost $2 Trillion. Make It Stop.Supreme Court Rules Trump Can Appear on Presidential BallotsWall Street’s DEI Retreat Has Officially BegunAMD Hits US Roadblock in Selling AI Chip Tailored for ChinaApple’s iPhone Woes in China Deepen Wi;Tue, 05 Mar 2024 03:00:00 +0000;C_2024-03-05;0.6808;0.5267
35c66b82-3854-3c85-9ebb-05de5cd3de5b;C;Citigroup (C) Advances While Market Declines: Some Information for Investors;Citigroup (C) closed at $56.14 in the latest trading session, marking a +0.97% move from the prior day.;Mon, 04 Mar 2024 22:45:19 +0000;C_2024-03-04;0.0;0.0
4e97dcbf-40de-3044-8a2f-dc26a71c528c;C;Truist taps Citi muni veterans to strengthen its team;The move comes as Citi prepares to leave the municipal bond market by the end of this month to focus its attention on increasing profit amid its company-wide reorganization.;Mon, 04 Mar 2024 11:50:44 +0000;C_2024-03-04;0.4019;0.3182
f9124497-ee85-446f-922b-5ddcc9848dcc;C;Wells Fargo slowly starts to shed the problems of its past;"Wells Fargo CEO Charles Scharf said when he took over the top job in 2019 that his ""first priority"" was to clean up the bank's many messes. He is making progress — but still has more to do.";Mon, 04 Mar 2024 10:17:38 +0000;C_2024-03-04;0.5647;-0.1779
8fd77164-7b3b-36b2-ba07-28a57f0848f5;C;Top Citi Banker Sees Deals Pick Up in Sign Slump is Nearing End;(Bloomberg) -- Citigroup Inc.’s David Livingstone said his firm’s underwriters and dealmakers have seen a pick-up in activity this year as corporate chiefs around the world have adjusted to higher interest rates. Most Read from BloombergSupreme Court Rules Trump Can Appear on Presidential BallotsChina Scraps Premier Li's Briefing, Breaking Years of ConventionWall Street’s DEI Retreat Has Officially BegunWhat to Remember If the Stock Market Takes a DiveAmerica Blew Almost $2 Trillion. Make It Sto;Mon, 04 Mar 2024 10:12:05 +0000;C_2024-03-04;0.5859;0.2023
3a073ddd-e6a0-30b5-a628-dd96f4a1993e;C;Citigroup to leverage Hong Kong's finance hub status to grow wealth business in Asia, Greater Bay Area;"Citigroup will expand its wealth management business in the Greater Bay Area and rest of Asia from its base in Hong Kong, according to its global wealth head. The US banking group remains committed to Hong Kong and China despite selling its mainland wealth business to HSBC in October, Andy Sieg said after visiting a number of Greater Bay Area cities last week. ""The onshore consumer business in mainland China was sold because, similar to other markets where we divested such businesses, it just di";Mon, 04 Mar 2024 09:30:00 +0000;C_2024-03-04;0.9538;0.6908
87e61acb-ee2b-37a4-93e5-35c094f89997;C;Citigroup (C) Seeks 286 Job Cuts of New York-Based Employees;Citigroup (C) is planning to cut 286 positions across three units in New York to reduce costs.;Fri, 01 Mar 2024 17:01:00 +0000;C_2024-03-01;-0.2732;-0.296
3597b2a5-3f10-303b-9cb7-cec270777e65;C;Truist Hires Former Citi Muni Bankers to Build ‘National Scope’;"(Bloomberg) -- Truist Financial Corp. hired more Citigroup Inc. municipal-bond veterans, showcasing the Southeast regional bank’s deepening commitment to the $4 trillion market as the Wall Street powerhouse leaves the business. Most Read from BloombergTrump Warns of Big Losses From Asset Sales During Property SlumpNYCB Flags Weaknesses in Loan Oversight and Names New CEOElon Musk Sues OpenAI and Altman for Breaching Firm’s Founding MissionS&amp;P 500 Posts 15th Record This Year as Tech Roars: Market";Fri, 01 Mar 2024 15:15:11 +0000;C_2024-03-01;-0.128;0.0
f819a034-243b-3af0-9374-e843a77fc859;R;Ryder Executive Vice President & CFO to Address J.P. Morgan 2024 Industrials Conference;MIAMI, March 05, 2024--Ryder Executive Vice President & CFO to address J.P. Morgan 2024 Industrials Conference;Tue, 05 Mar 2024 11:55:00 +0000;R_2024-03-05;0.0;0.0
85a26192-b1f7-369e-b0d6-a984fec15694;R;Ryder opens new logistics center in Texas amid US-Mexico trade boom;Ryder has opened a new logistics center in Laredo, Texas, as trade continues to expand between the U.S. and Mexico. The post Ryder opens new logistics center in Texas amid US-Mexico trade boom appeared first on FreightWaves.;Wed, 21 Feb 2024 16:00:47 +0000;R_2024-02-21;0.3182;0.0
e6a92ceb-1a8c-398d-9621-459cc11d8265;R;Ryder Expands Cross-Border Footprint in U.S. and Mexico to Support Growth in Nearshoring;MIAMI, February 21, 2024--Ryder System, Inc. (NYSE: R), a leader in supply chain, dedicated transportation, and fleet management solutions, announces the opening of a new logistics operation in Laredo, Texas and the expansion of its drayage yard in Nuevo Laredo, Mexico. The ports of Laredo and Nuevo Laredo now comprise the top inland transborder trade port between the United States and Mexico, after Mexico’s rise to the number one spot among U.S. trading partners last year. Ryder’s new and expan;Wed, 21 Feb 2024 11:55:00 +0000;R_2024-02-21;0.8225;0.6908
bdce3251-a37c-38aa-a422-568b31e3a8c5;R;Ryder (R) Q4 Earnings & Revenues Beat Estimates, Down Y/Y;Ryder's (R) fourth-quarter 2023 earnings and revenues decrease year over year.;Fri, 16 Feb 2024 18:24:00 +0000;R_2024-02-16;0.0;0.0
e2cadff1-1e8c-392f-b318-31269b6b2edb;R;Zacks Value Trader Highlights: The Progressive, Ryder System, East West Bancorp, Intel and Hewlett Packard;The Progressive, Ryder System, East West Bancorp, Intel and Hewlett Packard are part of the Zacks Value Trader article.;Fri, 16 Feb 2024 13:05:00 +0000;R_2024-02-16;0.34;0.34
33a85c47-802f-321b-9ffa-b3ac14571ebd;R;5 Years Later: Lessons from Buy and Hold Investing;What if you bought 5 value stocks with growth that also paid dividends in 2018 and held them for 5 years?;Thu, 15 Feb 2024 21:32:00 +0000;R_2024-02-15;0.6124;0.0
a91df9c8-a230-3e90-a04a-9d70c5b70607;R;Ryder System, Inc. (NYSE:R) Q4 2023 Earnings Call Transcript;Ryder System, Inc. (NYSE:R) Q4 2023 Earnings Call Transcript February 14, 2024 Ryder System, Inc. beats earnings expectations. Reported EPS is $2.95, expectations were $2.75. Ryder System, Inc. isn’t one of the 30 most popular stocks among hedge funds at the end of the third quarter (see the details here). Operator: Good morning, and welcome […];Thu, 15 Feb 2024 15:02:48 +0000;R_2024-02-15;0.8399;0.0
cc23636e-40ae-3378-9077-a7482eee4875;R;Ryder CEO to Address Citi's 2024 Global Industrial Tech and Mobility Conference;MIAMI, February 15, 2024--Ryder System, Inc. (NYSE: R) Chairman & CEO Robert Sanchez to address Citi's 2024 Global Industrial Tech and Mobility Conference.;Thu, 15 Feb 2024 11:55:00 +0000;R_2024-02-15;0.0;0.0
7f9806db-427e-3f5a-9f9d-5fef10be3258;R;Q4 2023 Ryder System Inc Earnings Call;Q4 2023 Ryder System Inc Earnings Call;Thu, 15 Feb 2024 08:35:57 +0000;R_2024-02-15;0.0;0.0
626f4da7-bea8-3c8d-a317-768b6acf7a43;R;Auto & Transport Roundup: Market Talk;Gain insight on Ryder System, North American freight-railroad traffic, Wizz Air, and more in the latest Market Talks covering the Auto and Transport sector.;Wed, 14 Feb 2024 22:10:00 +0000;R_2024-02-14;0.5267;0.0
8bdda21a-1e72-39ca-a57b-318596a852fd;R;Ryder Share Repurchases to Offset Higher Tax Rate;Ryder System says its continued share repurcahses are expected to offset a higher tax rate and employee compensation costs. The transportation giant in 4Q repurchased 420,000 shares and currently has authorization for a 2M share discretionary repurchase program as well as a 2M share anti-dilutive program, with about 3.;Wed, 14 Feb 2024 20:32:33 +0000;R_2024-02-14;0.4708;0.296
debdd662-0956-34f9-b520-63d2c63ac31a;R;Ryder continues shift toward less reliance on leasing, talks up Cardinal;Ryder has a plan in place to reduce its reliance on equipment leasing. Its progress could be seen in its earnings. The post Ryder continues shift toward less reliance on leasing, talks up Cardinal appeared first on FreightWaves.;Wed, 14 Feb 2024 20:17:13 +0000;R_2024-02-14;0.4215;0.0
b4f14623-23a1-3bf7-a4a7-f6ca82aa1771;R;25 Most Valuable Logistics Companies in the World in 2024;In this article, we will look into the 25 most valuable logistics companies in the world in 2024. If you want to skip our detailed analysis, you can go directly to the 5 Most Valuable Logistics Companies in the World in 2024. Logistics Industry: A Market Analysis According to a report by Precedence Research, the […];Wed, 14 Feb 2024 18:36:01 +0000;R_2024-02-14;0.7956;0.5256
7301d193-5a5a-3210-8fa7-f996625cb906;R;Ryder System Inc (R) Navigates Tough Freight Market, Posts Mixed 2023 Results;Full-Year Earnings Dip Amid Used Vehicle Sales Challenges, Supply Chain Segment Shows Resilience;Wed, 14 Feb 2024 12:16:08 +0000;R_2024-02-14;0.0772;-0.128
62b837e7-4d89-337e-8899-ed2eb6fce073;R;Ryder Reports Fourth Quarter 2023 Results and Provides 2024 Outlook;MIAMI, February 14, 2024--Ryder System, Inc. (NYSE: R), a leader in supply chain, dedicated transportation, and fleet management solutions, reported results for the three months ended December 31 as follows:;Wed, 14 Feb 2024 11:55:00 +0000;R_2024-02-14;0.5719;0.0
d736cee4-db2c-3e62-8d2a-570e41896cfc;R;Ryder Declares Quarterly Cash Dividend;MIAMI, February 09, 2024--The Board of Directors of Ryder System, Inc. (NYSE: R), a leader in supply chain, dedicated transportation, and fleet management solutions, declared a regular quarterly cash dividend of $0.71 per share of common stock to be paid on March 15, 2024 to shareholders of record on February 20, 2024.;Fri, 09 Feb 2024 21:30:00 +0000;R_2024-02-09;0.7096;0.0
4b7a39be-abf1-3c1a-b12e-ee4f286557b9;R;Ryder Recognized by FORTUNE Magazine as One of the World’s Most Admired Companies for 2024;MIAMI, February 07, 2024--Ryder System, Inc. (NYSE: R), a leader in supply chain, dedicated transportation, and fleet management solutions, celebrates the recognition by FORTUNE magazine as one of the World's Most Admired Companies® for 2024. This is the 12th consecutive year that Ryder has made the list, ranking as one of the top three within the Trucking, Transportation, and Logistics category.;Wed, 07 Feb 2024 11:55:00 +0000;R_2024-02-07;0.9152;0.5563
8ae6114f-e6b9-3d24-bde4-08939f5c7fb5;R;Spate of Logistics Acquisitions Could Set Tone for 2024 M&A;As Forward Air and Omni Logistics finally closed on a long-awaited merger, Ryder System and AIT Worldwide Logistics made deals of their own.;Tue, 06 Feb 2024 14:00:00 +0000;R_2024-02-06;0.0;0.0
43e6d421-1016-3711-a4aa-937e9cdaf1d9;R;Ryder (R) Boosts Market Presence With Cardinal Logistics Buyout;The transaction is likely to boost Ryder's (R) earnings in 2025.;Fri, 02 Feb 2024 14:48:00 +0000;R_2024-02-02;0.4019;0.3182
947ea7cd-fac9-3a80-928c-632e4178fb9b;R;Ryder buys Cardinal Logistics, significantly growing its dedicated business;Ryder System is increasing its dedicated footprint with the acquisition of Cardinal Logistics. The post Ryder buys Cardinal Logistics, significantly growing its dedicated business appeared first on FreightWaves.;Thu, 01 Feb 2024 15:54:02 +0000;R_2024-02-01;0.7717;0.5719
fd3c5232-6a6c-3841-919c-c58fe104523c;O;3 Deeply Discounted REITs to Buy;All three of these REITs are trading at intriguing valuations.;Sat, 09 Mar 2024 13:54:00 +0000;O_2024-03-09;0.0;0.1263
ee4f11d3-4baa-3f0d-b140-21e5df4b585a;O;Realty Income Keeps Expanding in This Key Growth Market;Realty Income is a huge net-lease REIT. Good thing that it has found a huge new market to tap for growth.;Sat, 09 Mar 2024 13:30:00 +0000;O_2024-03-09;0.8442;0.3818
842476f7-c1c4-3a4d-bc21-86a08cbacfec;O;3 REIT Stocks to Buy Hand Over Fist in March;REITs remain out of favor, but that's an opportunity for investors to add some attractive dividend-paying stocks to their portfolios.;Sat, 09 Mar 2024 12:09:00 +0000;O_2024-03-09;0.8555;0.4939
142bf982-859e-34a6-bb77-17bc2f6d1c2a;O;2 Stocks That Cut You a Check Each Month;There aren't too many monthly dividend payers out there, but these two are worth buying.;Sat, 09 Mar 2024 10:15:00 +0000;O_2024-03-09;0.3291;-0.2732
6f757f30-4595-3389-8ff6-b84d724f680a;O;Forget Buying a Rental Property: Investing $50,000 Into These Passive Income Producers Could Make You Nearly $2,250 in Annual Income;Real estate investment trusts enable you to generate truly passive income.;Sat, 09 Mar 2024 10:15:00 +0000;O_2024-03-09;0.7783;-0.0258
b67b181e-a09f-3370-b2fe-899849b62f8d;O;Realty Income Corp. (O) Advances But Underperforms Market: Key Facts;The latest trading day saw Realty Income Corp. (O) settling at $52.24, representing a +0.15% change from its previous close.;Thu, 07 Mar 2024 22:45:19 +0000;O_2024-03-07;0.0;0.0
b8f67411-8704-3ff5-b520-48761a478d62;O;Want $1,000 in Safe Annual Dividend Income? Invest $11,150 Into the Following 3 Ultra-High-Yield REITs.;These high-octane income stocks -- sporting an average yield of nearly 9% -- can fatten the wallets of long-term-minded investors.;Thu, 07 Mar 2024 10:21:00 +0000;O_2024-03-07;0.0;0.4939
12c440a7-631c-3588-94b1-39ae55df267c;O;What Does the JV With Mitsubishi Mean for Digital Realty (DLR)?;The collaboration marks a significant milestone in the expansion strategy of Digital Realty (DLR) and Mitsubishi Corporation, aiming to capitalize on the ever-growing demand for data infrastructure.;Wed, 06 Mar 2024 13:42:00 +0000;O_2024-03-06;0.0772;0.0
fe6f494d-7d64-30f0-87af-b458cde1731f;O;3 High-Yield S&P 500 Dividend Stocks Down More Than 28% to Buy Now and Hold at Least a Decade;Each of these companies has decades-long consecutive annual dividend-raising streaks.;Tue, 05 Mar 2024 11:37:00 +0000;O_2024-03-05;0.0;0.0
efaab5d7-2fb2-396b-b293-de4d42774c1c;O;Looking to Start Earning Passive Income in March? Check Out These Top Monthly Dividend Stocks.;These real estate investment trusts should supply steadily rising monthly income.;Tue, 05 Mar 2024 10:00:00 +0000;O_2024-03-05;0.4767;0.3818
2e1df458-4301-3a94-ba21-81f229d13e6f;O;14 Best Real Estate and Realty Stocks To Buy According to Analysts;In this article, we will be taking a look at the 14 best real estate and realty stocks to buy according to analysts. To skip our detailed analysis of the real estate sector, you can go directly to see the 5 Best Real Estate and Realty Stocks To Buy According to Analysts. Housing Versus Retail: […];Mon, 04 Mar 2024 13:10:53 +0000;O_2024-03-04;0.8555;0.6369
1ba6444d-b08b-3c2c-bc6e-7129f24fff81;O;This Magnificent Dividend Stock Made a Small, Under-the-Radar Investment That Will Unlock a $500 Billion Growth Opportunity;Data centers could become a big growth driver for Realty Income's dividend.;Mon, 04 Mar 2024 10:05:00 +0000;O_2024-03-04;0.3818;0.8519
ae019ac8-58f6-30b0-8a52-bab4ab1316c9;O;Foolproof Your Portfolio With These 3 REITs;Real estate investment trusts or REITs can offer investors sitting on the fence a viable approach to the market. Simply put, the structure of these businesses requires them to distribute the majority of their taxable income to shareholders. These dividends can provide support during periods of ambiguity, such as right now. Another factor that helps REITs rise above other asset classes is liquidity. Owning physical real estate – while it may be considered the king of investments – represents an i;Sun, 03 Mar 2024 15:20:45 +0000;O_2024-03-03;0.872;0.3818
21d11e62-b3b9-3b26-b72a-c97a56805d82;O;5 Reasons Why Realty Income Is the Best Real Estate Dividend Stock to Buy;Its CEO just laid out an impressive investment case for the real estate investment trust.;Sun, 03 Mar 2024 11:29:00 +0000;O_2024-03-03;0.765;0.6369
04c792dc-726a-3d46-b486-bdbad961186f;O;3 Stocks That Could Boost Their Dividends Soon;Seeking out stocks that look primed to pay their owners a bit more cash can be a great way to put more money into your pocket.;Sun, 03 Mar 2024 09:30:00 +0000;O_2024-03-03;0.5719;0.4019
879665fe-e47d-3dd4-8cf7-ab5128e4d7d9;O;Forget AGNC Investment, Buy This Magnificent High-Yield Stock Instead;AGNC has a 15% dividend yield, which is a warning to investors that the dividend may not be sustainable. Here's one that is.;Sat, 02 Mar 2024 14:30:00 +0000;O_2024-03-02;-0.34;0.4588
1927f6fc-f392-3819-828e-1f05eaef7707;O;3 Stocks I Plan to Buy for My Retirement Account in March;These stocks look like solid buys right now.;Sat, 02 Mar 2024 10:09:00 +0000;O_2024-03-02;0.4767;0.0
784b2ae0-10fe-33e6-9eb9-116daff7712f;O;Earn a 5.9% Yield from Dollar Tree Using This Hack;Dollar Tree (NYSE:DLTR) has returned over 12,000% since its initial public offering in 1995, making it one of the best performing retailers over that period. While its return has been nothing short of impressive, it's been off-limits for dividend and income investors its entire public life because it does not pay a dividend. However, there’s a hack you can use to earn a 5.9% dividend yield, and that’s by investing in one of its largest landlords. Here's how. Don't Miss: Investing in real estate;Fri, 01 Mar 2024 16:31:03 +0000;O_2024-03-01;0.5003;0.0
40cf2d63-1831-300f-83a0-af5a1b82989b;O;Got $200? 2 Dividend Stocks to Buy and Hold Forever;Trust these two real estate stocks to be attractively priced and proven performers.;Fri, 01 Mar 2024 13:00:00 +0000;O_2024-03-01;0.7579;0.0
a37951a3-9101-300a-88ae-4d87a4c47e74;O;Foolproof Your Portfolio With These 3 Monthly Dividend Stocks;A great part of owning dividend stocks is the dependable income stream. Investors can rely on their blue chip companies sending them a dividend payment every three months. However, for retirees and other folks that rely on the income, it can be a long time between those quarterly dividend payments. For people living off their portfolio’s yield, it can be helpful to have income coming in more frequently. Thankfully, there are monthly dividend stocks. These are companies which, as the name would s;Thu, 29 Feb 2024 17:01:15 +0000;O_2024-02-29;0.8744;0.3818
bf374039-6a26-31c3-98d6-be59039dd53b;S;12 Best AI ETFs To Invest In 2024;In this article, we discuss 12 best AI to invest in 2024. If you want to skip our discussion on the artificial intelligence industry, head over to 5 Best AI ETFs To Invest In 2024. In 2023, artificial intelligence drove numerous technological advancements, with automation and machine learning expected to further enhance the tech ecosystem […];Sat, 09 Mar 2024 13:03:38 +0000;S_2024-03-09;0.9423;0.6369
343b7442-5e50-3c95-b400-bc21f9facd97;S;Forget Nvidia: 2 Tech Stocks to Buy Instead;Everyone is talking about Nvidia right now. It might be time to look for winners elsewhere.;Fri, 08 Mar 2024 12:25:00 +0000;S_2024-03-08;0.4767;-0.2263
b6e3319b-47cf-301b-ab5e-c6e9036cfefd;S;SentinelOne (S) Rises Higher Than Market: Key Facts;In the most recent trading session, SentinelOne (S) closed at $27.14, indicating a +1.42% shift from the previous trading day.;Thu, 07 Mar 2024 23:00:12 +0000;S_2024-03-07;0.0;0.0
139f0cad-becb-362e-96f1-e70faf64f3cf;S;President and CEO Tomer Weingarten Sells 94,730 Shares of SentinelOne Inc (S);Tomer Weingarten, President and Chief Executive Officer of SentinelOne Inc (NYSE:S), sold 94,730 shares of the company on March 5, 2024.;Thu, 07 Mar 2024 04:30:26 +0000;S_2024-03-07;0.296;0.296
4c0fadec-e706-3b5b-8d9b-4ee7000f210d;S;SentinelOne (S) Shares Skyrocket, What You Need To Know;Shares of cyber security company SentinelOne (NYSE:S) jumped 10.8% in the pre-market session after peer, CrowdStrike reported fourth-quarter results with revenue and ARR (annual recurring revenue) beating by a slight margin but very convincingly on operating profit. Keeping with that theme, while forward guidance for the next quarter and the full year were only slightly above expectations, non-GAAP EPS guidance was more convincingly ahead, showing better-than-expected profitability.;Wed, 06 Mar 2024 20:04:27 +0000;S_2024-03-06;0.938;0.296
2055b21e-cd21-3f2d-b2eb-8414118b0333;S;SentinelOne (S) Expected to Beat Earnings Estimates: What to Know Ahead of Q4 Release;SentinelOne (S) possesses the right combination of the two key ingredients for a likely earnings beat in its upcoming report. Get prepared with the key expectations.;Wed, 06 Mar 2024 15:00:04 +0000;S_2024-03-06;0.2263;0.0
02b2dcee-523d-3f8a-b028-0c6a1e7858c4;S;Samsara Inc. (IOT) to Report Q4 Earnings: What's in the Cards?;Samsara Inc's (IOT) fourth-quarter fiscal 2024 performance is likely to reflect the benefit of its commitment to digital transformation and an expanding customer base.;Mon, 04 Mar 2024 16:58:00 +0000;S_2024-03-04;0.6808;0.0
c35c0b09-cded-3697-8aa4-97828a55a564;S;Are SentinelOne, Inc. (NYSE:S) Investors Paying Above The Intrinsic Value?;Key Insights The projected fair value for SentinelOne is US$21.32 based on 2 Stage Free Cash Flow to Equity...;Mon, 04 Mar 2024 11:02:08 +0000;S_2024-03-04;0.7906;0.34
44f79838-e193-3d36-845c-dd76f8c1ed7f;S;SoundHound AI, Inc. (SOUN) Reports Q4 Loss, Lags Revenue Estimates;SoundHound AI, Inc. (SOUN) delivered earnings and revenue surprises of -20% and 4.22%, respectively, for the quarter ended December 2023. Do the numbers hold clues to what lies ahead for the stock?;Thu, 29 Feb 2024 23:35:03 +0000;S_2024-02-29;0.128;-0.5859
4debec94-e8e1-3294-b40c-684d07693905;S;SEMrush (SEMR) to Report Q4 Earnings: What's in the Cards?;SEMrush's (SEMR) fourth-quarter 2023 performance is likely to have benefited from increased user growth, efficient sales and a diverse product lineup with AI and social media tools.;Wed, 28 Feb 2024 12:44:00 +0000;S_2024-02-28;0.7579;0.0
410fb073-ffa7-357f-a7bf-6e241f110db9;S;Sea Limited (SE) to Report Q4 Earnings: What's in Store?;Sea Limited's (SE) fourth-quarter 2023 performance will likely benefit from the diversification of overall service offerings and strategic initiatives despite macroeconomic challenges.;Wed, 28 Feb 2024 12:37:00 +0000;S_2024-02-28;0.4172;-0.2263
62e497a9-17e4-37be-8b07-44f82dd927f6;S;NinjaOne® and SentinelOne® Launch Joint Integration to Enhance Risk Mitigation and IT Security;AUSTIN, Texas & MOUNTAIN VIEW, Calif., February 27, 2024--NinjaOne, LLC, a leading IT platform for endpoint management, security, and visibility, and SentinelOne, Inc. (NYSE: S), a global leader in AI-powered security, today launched a bi-directional product integration that redefines endpoint protection through the merging of IT operations and security. The cutting-edge solution provides enterprise security teams with leading levels of control and simplicity, while revolutionizing the managemen;Tue, 27 Feb 2024 14:00:00 +0000;S_2024-02-27;0.886;0.0772
08884a9a-709c-3f2e-8cd7-736ed9b7daba;S;Hewlett Packard (HPE) to Report Q1 Earnings: What's in Store?;Hewlett Packard's (HPE) Q1 performance is expected to reflect benefits from growing demand for its cloud services and the adoption of HPE GreenLake.;Tue, 27 Feb 2024 13:27:00 +0000;S_2024-02-27;0.4215;0.0
699361a0-e9bb-3bfc-9956-ed826af8131b;S;Autodesk (ADSK) to Report Q4 Earnings: What's in Store?;Autodesk's (ADSK) fiscal fourth-quarter 2024 results are likely to reflect strength in demand for software products, higher subscription revenues, steady renewals and new customer billings.;Tue, 27 Feb 2024 11:52:00 +0000;S_2024-02-27;0.4019;0.0
f4c6d1c3-3b78-3dc9-8545-e99c14bea1dd;S;Sentinel One Stock: Buy, Sell, or Hold?;Cybersecurity stocks came under pressure as an industry leader reported poor expectations for the next quarter.;Mon, 26 Feb 2024 11:30:00 +0000;S_2024-02-26;-0.6486;0.0
f59516e0-afee-387c-a967-8b26a5144904;S;1 Growth Stock Down 65% to Buy Right Now;This cybersecurity stock is flying under the radar despite strong financial results.;Sun, 25 Feb 2024 18:10:00 +0000;S_2024-02-25;-0.4023;0.3818
ac1a8225-71b1-3081-b5f2-d4930e3f5106;S;1 Wall Street Analyst Raises SentinelOne's Price Target by 32%: Here's Why He's Right.;The company is a standout in the cybersecurity sector.;Sun, 25 Feb 2024 12:31:00 +0000;S_2024-02-25;0.0;0.0
8b79cb10-9636-3e0c-be79-9c258aa6f42e;S;Is It Too Late to Buy SentinelOne Stock?;The cybersecurity firm felt the love as shares hit a new 52-week high on Valentine's Day.;Sun, 25 Feb 2024 06:44:00 +0000;S_2024-02-25;0.7506;0.0
c70713bb-0ee1-3731-a84e-a39db860cc9c;S;Wall Street’s Hidden Treasures: 3 Underrated Gems in 2024;The future of the U.S. economy looks promising. Recent data indicates a significant increase in productivity, reminiscent of the economic boom experienced in the mid-1990s. Technology advances and the widespread adoption of hybrid work models contribute to this positive trend. If sustained, this surge in productivity could lead to higher wages, improved company profitability and overall economic growth. This could mark a potentially transformative period for the U.S. economy. These underrated st;Fri, 23 Feb 2024 20:45:00 +0000;S_2024-02-23;0.9505;0.4215
2e9c17f0-a7bc-3e2e-bdb7-2b2d7683dc27;S;Unity Software (U) to Post Q4 Earnings: What's in the Cards?;Unity Software's (U) Q4 performance is expected to have gained from steady demand for its software solutions boosted by an expanding client base and adoption of AI services.;Thu, 22 Feb 2024 16:19:00 +0000;S_2024-02-22;0.6486;0.0
f2599e55-9edf-3ee4-ba6e-f0d6e4c513f1;A;Why Agilent Technologies (A) is a Top Stock for the Long-Term;The Zacks Focus List offers investors a way to easily find top-rated stocks and build a winning investment portfolio. Here's why you should take advantage.;Wed, 06 Mar 2024 14:30:02 +0000;A_2024-03-06;0.7783;0.2023
84a82293-4bf4-3614-8665-a61fb80ffd06;A;Should You Invest in the First Trust Water ETF (FIW)?;Sector ETF report for FIW;Wed, 06 Mar 2024 11:20:05 +0000;A_2024-03-06;0.0;0.5106
8359b89e-4916-31a2-9d77-2b3d8ccc8033;A;Decoding Agilent Technologies Inc (A): A Strategic SWOT Insight;Insightful Analysis of Agilent Technologies Inc's Strengths, Weaknesses, Opportunities, and Threats;Wed, 06 Mar 2024 05:01:12 +0000;A_2024-03-06;0.0;0.0
09d3fda7-a8e1-33d6-b91e-1fc52951a4eb;A;Agilent Technologies Stock Getting Closer To Key Technical Benchmark;A Relative Strength Rating upgrade for Agilent Technologies shows improving technical performance. Will it continue?;Tue, 05 Mar 2024 19:21:00 +0000;A_2024-03-05;0.7184;0.0
4a3db51f-d285-3bb8-9211-a0880619d5d1;A;Agilent Presents Solutions Innovation Research Awards to Drexel University and Prairie View A&M University Researchers;"SANTA CLARA, Calif., February 29, 2024--Agilent Technologies Inc. (NYSE: A) today announced the selection of Distinguished Professors Michel Barsoum and Yury Gogotsi at Drexel University and Professor Ananda Amarasekara at Prairie View A&amp;M University as recipients of an Agilent Solutions Innovation Research Award (SIRA). The three honorees will receive separate awards for their research into materials to advance energy storage technology.";Thu, 29 Feb 2024 13:00:00 +0000;A_2024-02-29;0.9349;0.743
c0d757f7-4f34-363d-a5d8-891ffea7cd6d;A;These Stocks Moved the Most Today: Beyond Meat, eBay, Boston Beer, UnitedHealth, Axon, Lemonade, Progyny, and More;Beyond Meat stock surges after the plant-based meat maker says it’s taking steps to reduce expenses, eBay jumps after earnings top estimates, and Boston Beer slumps after a profit warning.;Wed, 28 Feb 2024 21:21:00 +0000;A_2024-02-28;0.3182;0.0
e7e8eba1-f3af-3107-a237-9cd43264f7b0;A;Agilent Technologies, Inc. (NYSE:A) Q1 2024 Earnings Call Transcript;Agilent Technologies, Inc. (NYSE:A) Q1 2024 Earnings Call Transcript February 27, 2024 Agilent Technologies, Inc. isn’t one of the 30 most popular stocks among hedge funds at the end of the third quarter (see the details here). Operator: Ladies and gentlemen, welcome to the Agilent Technologies Q1 2024 Earnings Call. My name is Regina and […];Wed, 28 Feb 2024 15:03:34 +0000;A_2024-02-28;0.7264;0.0
efa6b50a-ba3f-3516-abb0-1f76b962128d;A;Agilent (A) Q1 Earnings & Revenues Beat Estimates, Dip Y/Y;Agilent's (A) first-quarter fiscal 2024 results reflect softness across the LSAG and DGG segments. Weak momentum in China has been concerning.;Wed, 28 Feb 2024 14:36:00 +0000;A_2024-02-28;-0.4404;0.0
4298f542-6b6f-36d9-9fe9-2f7f94a447dd;A;Q1 2024 Agilent Technologies Inc Earnings Call;Q1 2024 Agilent Technologies Inc Earnings Call;Wed, 28 Feb 2024 13:07:43 +0000;A_2024-02-28;0.0;0.0
860b8490-f14b-36bd-82b0-e7dc923ef9a0;A;Agilent (A) Q1 Earnings: Taking a Look at Key Metrics Versus Estimates;The headline numbers for Agilent (A) give insight into how the company performed in the quarter ended January 2024, but it may be worthwhile to compare some of its key metrics to Wall Street estimates and the year-ago actuals.;Tue, 27 Feb 2024 23:00:11 +0000;A_2024-02-27;0.4767;0.0
fbc7f43d-cee6-372a-a789-7678faf1bc68;A;Agilent Technologies (A) Beats Q1 Earnings and Revenue Estimates;Agilent (A) delivered earnings and revenue surprises of 6.61% and 5.53%, respectively, for the quarter ended January 2024. Do the numbers hold clues to what lies ahead for the stock?;Tue, 27 Feb 2024 22:20:07 +0000;A_2024-02-27;0.128;0.0
ee1307cf-1f84-3dfb-a84f-9285e6a3e7c5;A;Agilent Technologies Inc (A) Faces Headwinds: Q1 Fiscal 2024 Earnings Analysis;Revenue Declines Amidst Market Challenges, Maintains Full-Year Outlook;Tue, 27 Feb 2024 21:32:02 +0000;A_2024-02-27;0.0772;0.0
cbd1a37a-3606-3605-8e55-8bb6107d50c5;A;Agilent Reports First-Quarter Fiscal Year 2024 Financial Results;SANTA CLARA, Calif., February 27, 2024--Agilent Technologies Inc. (NYSE: A) today reported revenue of $1.66 billion for the first quarter ended Jan. 31, 2024, a decline of 5.6% reported and 6.4% core(1) compared to the first quarter of 2023.;Tue, 27 Feb 2024 21:05:00 +0000;A_2024-02-27;0.0;0.0
9757fda9-d2eb-3448-bd4c-bd2c8e251b38;A;3 Top-Rated Stocks to Consider as Earnings Approach;With representation from a variety of sectors, several top-rated Zacks stocks look attractive ahead of their quarterly reports on Tuesday, February 27.;Mon, 26 Feb 2024 20:06:00 +0000;A_2024-02-26;0.4404;0.0
7f77108b-27e1-364c-88f6-8fbdff264933;A;Agilent Technologies (A) to Post Q1 Earnings: What's in Store?;Agilent's (A) results for the fiscal first quarter are expected to reflect strength across ACG amid weakness in the LSAG and DGG segments.;Mon, 26 Feb 2024 17:23:00 +0000;A_2024-02-26;0.1027;0.0
edd5b95c-22fa-30a5-9fd1-42985b7ca082;A;Itron (ITRI) Q4 Earnings and Revenues Top Estimates;Itron (ITRI) delivered earnings and revenue surprises of 64% and 1.12%, respectively, for the quarter ended December 2023. Do the numbers hold clues to what lies ahead for the stock?;Mon, 26 Feb 2024 14:45:02 +0000;A_2024-02-26;0.128;0.2023
152bd7f1-7818-3e7a-a67f-43ce2a92304c;A;Intuit (INTU) Q2 Earnings Beat on Strength in Online Ecosystem;Intuit's (INTU) fiscal second-quarter earnings reflect strong momentum in online ecosystem revenues and solid professional tax revenues.;Mon, 26 Feb 2024 14:32:00 +0000;A_2024-02-26;0.5994;0.4939
9b9ae20a-501b-3f63-93c5-f3ff4f2aca4f;A;NICE Q4 Earnings Top Estimates, Cloud Revenues Drive Top Line;NICE's fourth-quarter 2023 results reflect benefits from robust cloud revenues, driven by increased migration to the cloud and an expanding customer base.;Fri, 23 Feb 2024 19:07:00 +0000;A_2024-02-23;0.7269;0.7297
fe264c4a-9416-3735-8d6c-e1f5af37217d;A;Block (SQ) Q4 Earnings Miss Estimates, Revenues Rise Y/Y;Block's (SQ) fourth-quarter results benefit from the solid momentum across the Square and Cash App ecosystems.;Fri, 23 Feb 2024 17:23:00 +0000;A_2024-02-23;0.5574;-0.5423
3874edbc-b570-3826-8fba-5daeb360b34f;A;Intuit (INTU) Q2 Earnings Beat Estimates, Revenues Rise Y/Y;Intuit's (INTU) fiscal second-quarter results reflect strength in the Online and Desktop Ecosystem business segments.;Fri, 23 Feb 2024 15:39:00 +0000;A_2024-02-23;0.4939;0.0
45325a75-83a2-3a61-822d-9ae0f149e959;D;3 Utility Stocks to Buy Hand Over Fist in March;Utility stocks are still out of favor, offering long-term dividend investors an opportunity to load up on attractive income stocks.;Fri, 08 Mar 2024 10:11:00 +0000;D_2024-03-08;0.8126;0.4939
dcb004c7-9148-3052-a93b-cc246448b6ca;D;Dominion Energy Charitable Foundation Spring Grant Cycle Now Open to Nonprofit Organizations;Nonprofit and educational organizations within Dominion Energy's service areas are encouraged to apply for grants from the Dominion Energy Charitable Foundation.;Thu, 07 Mar 2024 15:00:00 +0000;D_2024-03-07;0.802;0.743
455d6819-f9cd-3771-8025-1ac7eaf5bddf;D;Dominion Energy Announces Closing of Sale of Ohio Natural Gas Distribution Company;Dominion Energy, Inc. (NYSE: D), today announced closure of the sale of its Ohio natural gas utility – The East Ohio Gas Company – to Enbridge Inc. (TSX: ENB) (NYSE: ENB) for approximately $6.6 billion, including assumed indebtedness and adjusted for customary closing items. This transaction was previously announced on Sept. 5, 2023.;Thu, 07 Mar 2024 12:30:00 +0000;D_2024-03-07;0.5574;0.5574
fcb017c7-d92b-3a59-8866-50997b3cea00;D;"Dominion Energy Concludes Business Review; Hosting Previously Announced Investor Meeting Today";"As previously announced, Dominion Energy, Inc. (NYSE: D) will host an investor meeting starting at 8:00 a.m. ET today, March 1, 2024. The members of the senior management team plan to discuss Dominion Energy's overall strategy, provide comprehensive and multi-year financial and capital investment guidance, and participate in Q&amp;A.";Fri, 01 Mar 2024 12:30:00 +0000;D_2024-03-01;0.4767;0.2732
79511843-af6b-3c2e-8946-0561982181cb;D;Dominion Energy Inc's Dividend Analysis;Dominion Energy Inc (NYSE:D) recently announced a dividend of $0.67 per share, payable on 2024-03-20, with the ex-dividend date set for 2024-02-29.  As investors look forward to this upcoming payment, the spotlight also shines on the company's dividend history, yield, and growth rates.  Utilizing data from GuruFocus, we will delve into Dominion Energy Inc's dividend performance and evaluate its sustainability.;Wed, 28 Feb 2024 14:09:36 +0000;D_2024-02-28;0.7906;0.2732
f26c31e5-3725-3e56-9b10-666268d3a235;D;Dominion Energy and the Library of Virginia Honor Four Leaders as 'Strong Men & Women in Virginia History';Dominion Energy Charitable Foundation and the Library of Virginia are pleased to announce the 2024 Strong Men & Women in Virginia History honorees and Student Creative Expressions Contest finalists.;Mon, 26 Feb 2024 18:32:00 +0000;D_2024-02-26;0.9451;0.8225
50c804f8-8164-3388-bd9c-4d4f7383149b;D;Dominion Energy Full Year 2023 Earnings: EPS Beats Expectations, Revenues Lag;Dominion Energy ( NYSE:D ) Full Year 2023 Results Key Financial Results Revenue: US$14.4b (down 16% from FY 2022). Net...;Sat, 24 Feb 2024 12:04:18 +0000;D_2024-02-24;0.2732;-0.0772
dc260980-72e9-35ff-b9ef-fb9087c3bc77;D;Decoding Dominion Energy Inc (D): A Strategic SWOT Insight;Insightful Analysis of Dominion Energy Inc's Strengths, Weaknesses, Opportunities, and Threats;Sat, 24 Feb 2024 05:07:52 +0000;D_2024-02-24;0.2732;0.2732
2a79450d-cca8-3747-b2e6-f4a445e8dc08;D;Why Dominion Energy Stock Zoomed 5% Higher Today;While quarterly results fell short of expectations, the company posted news about the sale of a stake in a major renewable asset.;Fri, 23 Feb 2024 22:29:23 +0000;D_2024-02-23;0.3612;0.2732
97636c3d-ea28-3cc1-9612-348d4caa51d1;D;Dominion Energy (D) Q4 Earnings: Taking a Look at Key Metrics Versus Estimates;The headline numbers for Dominion Energy (D) give insight into how the company performed in the quarter ended December 2023, but it may be worthwhile to compare some of its key metrics to Wall Street estimates and the year-ago actuals.;Fri, 23 Feb 2024 19:30:02 +0000;D_2024-02-23;0.5647;0.2732
e0d4bdac-d2cd-3888-8ba2-8358da5d1929;D;Dominion Energy, Inc. (NYSE:D) Q4 2023 Earnings Call Transcript;Dominion Energy, Inc. (NYSE:D) Q4 2023 Earnings Call Transcript February 22, 2024 Dominion Energy, Inc. misses on earnings expectations. Reported EPS is $0.29 EPS, expectations were $0.4. Dominion Energy, Inc. isn’t one of the 30 most popular stocks among hedge funds at the end of the third quarter (see the details here). Operator: Welcome to […];Fri, 23 Feb 2024 15:26:20 +0000;D_2024-02-23;0.8588;0.2732
07bb5b82-7cb5-3bcd-ba72-1441105b2375;D;Q4 2023 Dominion Energy Inc Earnings Call;Q4 2023 Dominion Energy Inc Earnings Call;Fri, 23 Feb 2024 05:24:00 +0000;D_2024-02-23;0.2732;0.2732
b4254f44-ba13-3c08-a506-bb4a9b636641;D;Dominion Energy (D) Q4 2023 Earnings Call Transcript;D earnings call for the period ending December 31, 2023.;Thu, 22 Feb 2024 21:30:11 +0000;D_2024-02-22;0.0;0.2732
4503a490-bc4e-3b79-9b17-29153634e64f;D;Dominion Energy (D) Q4 Earnings and Revenues Lag Estimates;Dominion Energy's (D) fourth-quarter earnings are lower than expected. The decision to sell 50% interest in CVOW will protect the company from any unforeseen cost increases.;Thu, 22 Feb 2024 17:23:00 +0000;D_2024-02-22;0.5267;-0.0772
deef8068-6407-34a7-b959-dcbf9be0db44;D;12 Best Wind Power and Solar Stocks To Buy;In this article, we will take a detailed look at the 12 Best Wind Power and Solar Stocks To Buy. For a quick overview of such stocks, read our article 5 Best Wind Power and Solar Stocks To Buy. Renewable energy stocks suffered in 2023 amid rising interest rates and lack of incentives for the residential solar companies. The […];Thu, 22 Feb 2024 16:20:31 +0000;D_2024-02-22;0.8834;0.6369
a843c744-be6f-35d3-9c94-4c20648f6f96;D;Dominion Energy sells 50% noncontrolling stake in 2.6-GW offshore wind farm;Dominion said it will “retain full operational control of the construction and operations” of the Coastal Virginia Offshore Wind project but seek expertise and input from investment firm Stonepeak.;Thu, 22 Feb 2024 16:08:48 +0000;D_2024-02-22;0.0;0.2732
185bb4ed-6600-3a0a-ab7c-be6cb81210c7;D;Dominion Energy (D) Q4 Earnings and Revenues Miss Estimates;Dominion Energy (D) delivered earnings and revenue surprises of -27.50% and 7.14%, respectively, for the quarter ended December 2023. Do the numbers hold clues to what lies ahead for the stock?;Thu, 22 Feb 2024 13:45:05 +0000;D_2024-02-22;0.3818;0.128
244e941c-5f7f-3c8d-8bd2-2a1602b59865;D;UPDATE 2-Dominion partners with Stonepeak to fund Virginia offshore wind farm construction;U.S. utility firm Dominion Energy said on Thursday it would sell a 50% non-controlling interest in its Coastal Virginia offshore wind farm to Stonepeak to help fund construction of the roughly $10 billion project.  Dominion said it would retain full control of the construction and operation of the project, with Stonepeak to pay for half of the construction costs.  The deal is expected to close by end-2024, with Dominion to receive about $3 billion, representative of half the construction cost.;Thu, 22 Feb 2024 12:52:21 +0000;D_2024-02-22;0.7506;0.0
1e0bec19-914c-3406-b39c-e2e595e8d5e5;D;Dominion Energy Announces Fourth-Quarter and Full-Year 2023 Earnings, Provides Key Updates on Coastal Virginia Offshore Wind, and Schedules Investor Meeting to Conclude Business Review;Dominion Energy, Inc. (NYSE: D), today announced unaudited net income determined in accordance with Generally Accepted Accounting Principles (GAAP, or reported earnings) for the three months ended Dec. 31, 2023, of $273 million ($0.30 per share) compared with net income of $344 million ($0.39 per share) for the same period in 2022, with net income of $2.0 billion ($2.29 per share) for the 12 months ended Dec. 31, 2023, compared with net income of $1.3 billion ($1.49 per share) for the same perio;Thu, 22 Feb 2024 12:30:00 +0000;D_2024-02-22;0.6808;0.2732
5e167c6a-8e22-3f18-8b30-af1d3618e2c4;D;Stonepeak to Acquire 50% Interest in Dominion Energy’s Coastal Virginia Offshore Wind Project;"NEW YORK, February 22, 2024--Stonepeak, a leading alternative investment firm specializing in infrastructure and real assets, today announced that it has reached an agreement with Dominion Energy (NYSE: D) to acquire a 50% interest in its Coastal Virginia Offshore Wind project (""CVOW"" or ""the Project"") through the formation of an offshore wind partnership. The Project is expected to be the largest offshore wind farm in the U.S. and one of the largest offshore wind farms globally upon completion.";Thu, 22 Feb 2024 12:30:00 +0000;D_2024-02-22;0.8555;0.4588
d2f4f762-1c92-3ab4-b2e6-01758986607a;W;Insider Sell: COO Thomas Netzer Sells 20,000 Shares of Wayfair Inc (W);Thomas Netzer, the Chief Operating Officer of Wayfair Inc (NYSE:W), sold 20,000 shares of the company on March 1, 2024, according to a recent SEC filing.;Tue, 05 Mar 2024 04:53:44 +0000;W_2024-03-05;0.296;0.296
d9276bc4-7700-3450-8526-a21807a4a786;W;Earnings Roundup: Nvidia, Etsy, Wayfair, Walmart, Palo Alto Networks, and MercadoLibre;Nvidia's earnings report made a splash, but it wasn't the only company making waves.;Sat, 02 Mar 2024 14:00:00 +0000;W_2024-03-02;0.0;0.0
9d3461db-7fa7-3ea4-b8d4-66600dc85c9b;W;Why Fast-paced Mover Wayfair (W) Is a Great Choice for Value Investors;Wayfair (W) could be a great choice for investors looking to buy stocks that have gained strong momentum recently but are still trading at reasonable prices. It is one of the several stocks that made it through our 'Fast-Paced Momentum at a Bargain' screen.;Thu, 29 Feb 2024 13:50:06 +0000;W_2024-02-29;0.7717;0.7579
f71a0429-5619-376d-975a-58d9c08b51fc;W;13 Stocks That Will Double in 2024;"In this article, we discuss the 13 stocks that will double in 2024. To skip the detailed analysis of the recent events in the stock market, go directly to the 5 Stocks That Will Double in 2024. Last year turned out to be wondrous for the US stock market as the S&amp;P 500 gained over […]";Wed, 28 Feb 2024 15:30:22 +0000;W_2024-02-28;0.3818;0.0
7c67f392-43cf-37a9-818c-c557555e0dc4;W;Why This 1 Momentum Stock Could Be a Great Addition to Your Portfolio;Wondering how to pick strong, market-beating stocks for your investment portfolio? Look no further than the Zacks Style Scores.;Wed, 28 Feb 2024 14:50:10 +0000;W_2024-02-28;0.2732;0.6249
2d736b28-3fa6-3a55-b515-9c46b7c90387;W;Temu’s U.S. Entry Is an Orange Flag for Etsy;The Chinese online marketplace is taking the U.S. by storm as Etsy and Wayfair are already struggling to expand their audience.;Mon, 26 Feb 2024 12:00:00 +0000;W_2024-02-26;-0.128;0.0
63c3a5cc-b715-3465-9660-ccbe5cfae9a5;W;Wayfair (W) Q4 Loss Narrower Than Expected, Revenues Rise Y/Y;Wayfair's (W) fourth-quarter 2023 results reflect the positive impact of a growing active customer base. However, lower net revenues per active customer is a concern.;Fri, 23 Feb 2024 17:31:00 +0000;W_2024-02-23;0.8176;-0.3182
23164a0c-6304-3716-a128-ba8ef2627a2a;W;Wayfair Inc. (NYSE:W) Q4 2023 Earnings Call Transcript;Wayfair Inc. (NYSE:W) Q4 2023 Earnings Call Transcript February 22, 2024 Wayfair Inc. beats earnings expectations. Reported EPS is $-0.11, expectations were $-0.22. Wayfair Inc. isn’t one of the 30 most popular stocks among hedge funds at the end of the third quarter (see the details here). Operator: Good morning. My name is Rob, and I will […];Fri, 23 Feb 2024 15:07:44 +0000;W_2024-02-23;0.3384;0.0
01145ec8-b7ad-3826-9f6d-b28a3506f83d;W;Q4 2023 Wayfair Inc Earnings Call;Q4 2023 Wayfair Inc Earnings Call;Fri, 23 Feb 2024 03:26:00 +0000;W_2024-02-23;0.0;0.0
29383bd8-772b-3b0a-a10f-3240c22d010a;W;Wayfair (W) Shares Skyrocket, What You Need To Know;"Shares of online home goods retailer Wayfair (NYSE: W) jumped 10.4% in the morning session after the company reported fourth-quarter results that narrowly beat analysts' expectations for revenue, while EPS and adjusted EBITDA beat by a more convincing margin. The company is becoming more cash generative, as its free cash flow of $62 million beat analysts' estimates. The results were achieved amidst ""a difficult macro environment."" Overall, this was a decent quarter for Wayfair. After the initial";Thu, 22 Feb 2024 16:21:52 +0000;W_2024-02-22;0.7178;0.296
f37422a0-244c-38d5-9cde-80b7c368b825;W;Wayfair Posts Narrower-Than-Expected Loss and a Gain in Active Customers. The Stock Rises.;Wayfair  posted a narrower-than-expected loss and a gain in active customers but those customers spent less in the fourth quarter.  Total net revenue of $3.1 billion aligned with the consensus estimate of $3.1 billion and rose 0.4% from the year-ago quarter.  Net revenue per active customer in the last 12 months was $537, a 3% drop year over year, while orders delivered rose 2.7%.;Thu, 22 Feb 2024 15:05:00 +0000;W_2024-02-22;0.5106;0.5859
44fbcc77-33ea-3cd1-b59a-64e8598a3f94;W;Wayfair stock pops on narrower-than-expected Q4 loss;"Wayfair (W) shares are rising in early trading after posting a narrower-than-expected loss in the fourth quarter. The e-commerce company also reported an increase in active customers. In the release, CEO Niraj Shah says that ""Our efforts over 2023 led to large improvements in our core recipe across availability, speed and price competitiveness. These improvements were directly responsible for our robust share expansion throughout the year and for the step-up we saw in customer loyalty."" Yahoo Finance's Madison Mills breaks down the report. For more expert insight and the latest market action, click here to watch this full episode of Yahoo Finance Live. Editor's note: This article was written by Stephanie Mikulich.";Thu, 22 Feb 2024 14:54:17 +0000;W_2024-02-22;0.9246;-0.3182
cfd971bc-8292-39ac-afb6-24c8fe4b5e60;W;Wayfair (W) Q4 Earnings: How Key Metrics Compare to Wall Street Estimates;The headline numbers for Wayfair (W) give insight into how the company performed in the quarter ended December 2023, but it may be worthwhile to compare some of its key metrics to Wall Street estimates and the year-ago actuals.;Thu, 22 Feb 2024 14:30:17 +0000;W_2024-02-22;0.4767;0.0
0d0181ab-f31f-32ff-9b2a-43fd925d7b83;W;Wayfair (W) Reports Q4 Loss, Tops Revenue Estimates;Wayfair (W) delivered earnings and revenue surprises of 52.17% and 0.51%, respectively, for the quarter ended December 2023. Do the numbers hold clues to what lies ahead for the stock?;Thu, 22 Feb 2024 13:20:03 +0000;W_2024-02-22;0.128;0.25
4a5695fa-c758-355a-b28e-1147e8b251c2;W;Wayfair’s revenue inches up 0.4% in Q4 as the home category remains challenged;The online home goods retailer called 2023 the “Year of the Reset” as it turned to layoffs, among other things, to cut costs.;Thu, 22 Feb 2024 12:44:00 +0000;W_2024-02-22;-0.2732;-0.1027
d7863741-ec8c-3960-bf8a-698a5559550f;W;Wayfair Inc (W) Reports Mixed 2023 Results with Return to Active Customer Growth;Wayfair Inc (W) Sees Slight Revenue Increase and Significant Free Cash Flow Improvement in 2023;Thu, 22 Feb 2024 12:33:17 +0000;W_2024-02-22;0.8555;0.6486
cfc1738a-9910-318e-840d-709b62ae1235;W;Wayfair's (NYSE:W) Q4 Earnings Results: Revenue In Line With Expectations;Online home goods retailer Wayfair (NYSE: W) reported results in line with analysts' expectations in Q4 FY2023, with revenue flat year on year at $3.11 billion. It made a non-GAAP loss of $0.11 per share, improving from its loss of $1.70 per share in the same quarter last year.;Thu, 22 Feb 2024 12:16:52 +0000;W_2024-02-22;0.3818;0.0
99e0c2b2-b802-312e-b7e3-205f4e811a54;W;Wayfair Announces Fourth Quarter and Full Year 2023 Results, Returns to Positive Year-Over-Year Active Customer Growth;"Wayfair Inc. (""Wayfair,"" ""we,"" or ""our"") (NYSE: W), one of the world's largest destinations for the home, today reported financial results for its fourth quarter and full year ended December 31, 2023.";Thu, 22 Feb 2024 12:00:00 +0000;W_2024-02-22;0.0;0.836
74775403-b532-3005-97d4-9b54b17991bb;W;Wayfair (W) to Report Q4 Earnings: What's in the Cards?;Wayfair's (W) fourth-quarter 2023 results are likely to reflect growing momentum across repeat and active customers.;Wed, 21 Feb 2024 17:35:00 +0000;W_2024-02-21;0.5267;0.0
9ea906e1-e188-3b9c-98c6-fc95710e9b8b;W;Wayfair (W) To Report Earnings Tomorrow: Here Is What To Expect;Online home goods retailer Wayfair (NYSE: W) will be reporting results tomorrow before the bell. Here's what to expect.;Wed, 21 Feb 2024 07:01:21 +0000;W_2024-02-21;0.0;0.0
04da5cc7-3b56-3524-8d2f-9b90b6549493;E;Here are 3 Integrated Majors Leading the Energy Transition Race;There are abundant opportunities for energy companies with a footprint in oil and gas resources and the renewable energy space. Three such companies are BP, Shell (SHEL) and Eni (E).;Fri, 08 Mar 2024 13:03:00 +0000;E_2024-03-08;0.7003;0.2732
3398080c-05dd-36af-9f7f-8fb2accebf77;E;Zacks Industry Outlook Highlights Exxon Mobil, Shell, BP and Eni;Exxon Mobil, Shell, BP and Eni have been highlighted in this Industry Outlook article.;Fri, 08 Mar 2024 09:26:00 +0000;E_2024-03-08;0.0;0.0
d470fe8f-51ed-3ca9-81c0-040f73529558;E;Two Countries That Could Break Putin's Gas Grip On Europe;A small cap Canadian explorer is emerging as a key player in addressing Europe's energy crisis, leveraging untapped natural resources and strategic assets to secure a sustainable and independent energy future for the continent.;Wed, 06 Mar 2024 00:00:00 +0000;E_2024-03-06;0.5719;0.0
4396b9cc-ec77-366b-bb8f-e0d0a1b543ac;E;Meet the Man Using AI To Revive An Oil & Gas Play Supermajors Left For Dead;MCF Energy, under the leadership of CEO James Hill, plans to drill two significant wells in Germany and Austria, leveraging AI and 3D data to unlock oil and gas resources.;Wed, 28 Feb 2024 00:01:00 +0000;E_2024-02-28;0.5994;-0.128
7c4e15e5-7d27-3d17-8ed3-6663130438fd;E;Eni S.p.A. (NYSE:E) Q4 2023 Earnings Call Transcript;Eni S.p.A. (NYSE:E) Q4 2023 Earnings Call Transcript February 16, 2024 Eni S.p.A. isn’t one of the 30 most popular stocks among hedge funds at the end of the third quarter (see the details here). Operator: Good afternoon, ladies and gentlemen. And welcome to Eni’s 2023 Fourth Quarter Results Conference Call hosted by Mr. Claudio […];Wed, 21 Feb 2024 14:18:30 +0000;E_2024-02-21;0.8399;0.0
f5a83deb-badc-3d0c-be0c-7df22e2a94c0;E;Eni (E) Reports Y/Y Declines in Earnings & Revenues in Q4;Lower average realized commodity prices hurt Eni's (E) earnings in Q4.;Mon, 19 Feb 2024 15:47:00 +0000;E_2024-02-19;-0.6808;0.0
8c172df9-1bbf-3557-8aed-3b1d2e498319;E;Energy & Utilities Roundup: Market Talk;Find insights on U.S. rig count, Eni, Shell’s LNG portfolio, Centrica, and more in the latest Market Talks covering Energy and Utilities.;Fri, 16 Feb 2024 21:57:00 +0000;E_2024-02-16;0.1531;0.2732
991d5dee-7ddc-4d88-ae51-1711a568e733;E;Trending tickers: Nvidia, Nike, Coinbase, Eni;The latest investor updates on stocks that are trending on Friday.;Fri, 16 Feb 2024 10:56:48 +0000;E_2024-02-16;0.0;0.0
5e715df2-ca73-3a1e-baa5-589aa8c941d1;E;Eni Earnings Fall on Lower Energy Prices;Eni’s earnings fell in the fourth quarter, with operating profit down 23%, hit by lower oil and natural-gas prices.;Fri, 16 Feb 2024 07:30:00 +0000;E_2024-02-16;0.1779;-0.0258
8b0f6204-5c32-4243-ae8a-0e2258ef1d13;E;Trending tickers: Heineken, Dunelm, BP, Uber;The latest investor updates on stocks that are trending on Wednesday.;Wed, 14 Feb 2024 14:20:53 +0000;E_2024-02-14;0.0;0.0
72758b96-d1d4-3580-a7c6-99d748aadc87;E;Eni (E) Completes Purchase of UK's Neptune Energy for $4.9B;The transaction brings substantial benefits to Eni (E), including increased gas production in North Africa, and potential carbon capture and storage opportunities in Northern Europe.;Thu, 01 Feb 2024 17:46:00 +0000;E_2024-02-01;0.7964;0.2732
83d527d5-ad99-3707-a3fa-786346511799;E;Eni (E) Proceeds With Livorno's Conversion to Biorefinery;As part of this initiative, Eni (E) halts the import of crude oil and initiates the shutdown of the Livorno refinery's lubricant production lines and topping plant.;Tue, 30 Jan 2024 15:35:00 +0000;E_2024-01-30;-0.5719;0.0
64cdb4e8-dcea-35df-a123-1e5dc91cb421;E;Super Micro Computer and Texas Instruments have been highlighted as Zacks Bull and Bear of the Day;Super Micro Computer and Texas Instruments are part of the Zacks Bull and Bear of the Day article.;Mon, 29 Jan 2024 13:36:00 +0000;E_2024-01-29;0.5994;0.5994
a9e4d389-51a7-3a8c-9891-fe6f25875960;E;3 Integrated Majors Leading the Energy Transition Race;There are abundant opportunities for energy companies with a footprint in oil and gas resources and the renewable energy space. Three such companies are BP, Shell (SHEL) and Eni (E).;Fri, 26 Jan 2024 15:10:00 +0000;E_2024-01-26;0.7003;0.2732
ec25dcb8-547c-3dc9-8480-cbd34d9070db;E;Eni's (E) Plentitude Collaborates With BlueFloat-Sener JV;Eni's (E) renewable wing, Plentitude, joins forces with the BlueFloat and Sener joint venture for the development of offshore wind projects in Spain, promoting growth in the renewables sector.;Wed, 24 Jan 2024 14:32:00 +0000;E_2024-01-24;0.6249;0.0
0679ea98-0860-3297-9b50-1197d7b31448;E;Eni (E), KMG Sign Agreement for 250 MW Renewables-Gas Project;Eni (E) and KMG join forces for a revolutionary 250 MW Hybrid Renewables-Gas Project, ushering in a new era of sustainable energy in Kazakhstan.;Mon, 22 Jan 2024 13:05:00 +0000;E_2024-01-22;0.5106;0.4939
68faf144-e2ee-356a-b511-e05f2f20ca81;E;Eni (E) Proceeds With Biorefinery Project in South Korea;The biorefinery is set to play a pivotal role in Eni's (E) overarching strategy to contribute to achieving net-zero emissions by 2050.;Fri, 19 Jan 2024 15:44:00 +0000;E_2024-01-19;0.34;0.0
71df2b4b-cb86-3663-97e9-1d0c7d2a9f0f;E;The 3 Best Oil Stocks to Buy in January 2024;In a world where energy is absolutely vital, oil companies continue to play an important role in its structure. Fossil fuels will continue to operate for many more years before a complete transition to 100% green energy occurs. If oil companies is on your list of investments, be sure to explore these three best oil stocks to buy this month. Equinor (EQNR) Source: II.studio / Shutterstock.com Equinor ASA (NYSE:EQNR) presents itself as a promising option by excelling in the oil and gas sector.Inve;Sat, 13 Jan 2024 19:00:00 +0000;E_2024-01-13;0.9665;0.6369
5c99dc6f-4370-30d5-9818-cc1fb500de79;E;Eni's (E) Plenitude Secures 80% Stake in US Solar Farm Trio;Eni's (E) Plenitude elevates its U.S. renewable energy capacity by adding 272 MW through a majority stake in three operational solar farms.;Thu, 11 Jan 2024 11:58:00 +0000;E_2024-01-11;0.2732;0.3182
f9a04c09-7d78-35e7-af92-506e8a32143f;E;Eni's (E) GreenIT Advances Toward Italy's Renewable Future;The efforts of Eni's (E) GreenIT and Galileo come at a pivotal moment, contributing not only to Italy's energy landscape but also resonating with Europe's renewable energy sector.;Tue, 09 Jan 2024 16:05:00 +0000;E_2024-01-09;0.4939;0.0
ce2e21b8-0085-4ad2-93bc-d2dda8382038;M;Resilient US shoppers are driving divergent fortunes for retail stocks;The winners and losers in retail are becoming very clear with continued strength in consumer spending.;Sun, 10 Mar 2024 12:30:04 +0000;M_2024-03-10;0.6997;0.0
c412a0e8-4d16-3914-a63f-92c6c3bea88f;S;2 Cybersecurity Stocks You Can Buy and Hold for the Next Decade;Investors looking to capitalize on the secular growth potential within the cybersecurity market might like these two stocks.;Sun, 10 Mar 2024 11:55:00 +0000;S_2024-03-10;0.6249;0.0
739e697b-35d9-4461-8c5c-83ba8266b614;F;The EV slowdown has already hit Tesla, Rivian, and others. These stocks are also casualties.;Charging network stocks have seen double-digit declines in the past year.;Sat, 09 Mar 2024 15:00:23 +0000;F_2024-03-09;0.0;0.0
af8375ec-13f8-3aa7-a3a9-e68742cb65f7;F;Top Stock Reports for Chevron, Verizon & Eaton;Today's Research Daily features new research reports on 16 major stocks, including Chevron Corporation (CVX), Verizon Communications Inc. (VZ) and Eaton Corporation plc (ETN).;Fri, 08 Mar 2024 21:30:00 +0000;F_2024-03-08;0.0;0.2023
df4946dd-26bf-35b4-bf57-e1d2f7a6599c;F;Great News for Ford Stock Investors!;Sales are soaring for Ford as supply chain constraints are in the rearview.;Fri, 08 Mar 2024 11:10:00 +0000;F_2024-03-08;0.0;0.6588
f3c70192-4c81-3d82-a42d-e9446004d85a;F;Electric Pickups Are Getting Solar-Powered Accessories This Summer;This week, Ford Motor (NYSE: F) delivered some much-needed good news on the EV front after beginning the year by announcing it is scaling down its EV ambitions. Ford reported that its EV sales expanded across the board in February with sales of its electric F-150 pickup, the Lightning, almost doubling. Even the EV king, Tesla Inc (NASDAQ: TSLA), acknowledged having difficulties in mass-producing its Cybertruck, after already having a hard time to bring it to the road. Moreover, the first EV make;Thu, 07 Mar 2024 19:51:12 +0000;F_2024-03-07;0.0772;0.0
d84d78fa-05f9-3064-a1ad-1ff15b3020fa;F;Elon Musk Shows Hand Of Good Faith To EV Competitor Ford But This Surprise EV Maker Saw A 38% Stock Price Decline Because Of Growing Concerns;Tesla Inc. (NASDAQ:TSLA) is collaborating with Ford Motor Co. (NYSE:F), granting the Detroit electric vehicle (EV) automaker access to its extensive supercharger network. While this partnership signifies a step toward cooperation in the competitive EV market, Fisker Inc. (NYSE:FSR) faced a significant downturn in 2023. Fisker’s financial report for the fourth quarter of 2023 shows a came out with a quarterly loss of $0.39 per share and revenue falling substantially short of projections. The disc;Wed, 06 Mar 2024 19:01:31 +0000;F_2024-03-06;0.4767;0.8248
95e381bc-a486-3fe0-9e8c-cd1dae67965e;F;15 Least Hardworking States in the US;In this article, we will be taking a look at the 15 Least Hardworking States in the US. You can also take a detailed look at the 5 Least Hardworking States in the US. In the United States, each state contributes its unique thread to the nation’s socio economic fabric. The American landscape reflects a […];Wed, 06 Mar 2024 12:46:13 +0000;F_2024-03-06;0.4215;0.0
30fab4c1-62c3-3bcc-ad1f-ffaf871797cd;F;Tesla Superchargers Aren’t Just for Teslas Anymore. I Put My Ford EV to the Test.;Exclusive Ford CEO interview and test drive: Our columnist takes her Mach-E through 10 Tesla stations and lives to tell the tale.;Wed, 06 Mar 2024 10:30:00 +0000;F_2024-03-06;0.128;0.0
eafd0a20-b3fb-32b9-b7dc-29de038bcd60;F;Tesla Superchargers Aren’t Just for Teslas Anymore. We Tested 10 of Them.;Tesla has opened its charging network to other EV brands, starting with Ford. With an adapter, non-Teslas can now use Superchargers. Is it easy to get started? How do the speed and price compare? To test it, WSJ’s Joanna Stern hit up 10 Tesla Superchargers in her Ford Mustang Mach-E. Photo illustration: Jacob Reynolds for The Wall Street Journal;Wed, 06 Mar 2024 10:30:00 +0000;F_2024-03-06;0.504;0.0
e20f79bf-8b6d-3e43-95a7-bd9896cb0075;F;Toyota’s Bet Against EVs Is Working Out Fine, for Now;American car buyers just aren’t adopting battery-power vehicles like people elsewhere. It is good news for the Japanese auto maker.;Wed, 06 Mar 2024 06:30:00 +0000;F_2024-03-06;0.6597;0.2023
67be2c5c-918c-37fb-84ed-6e3aac382981;F;15 Countries with Most Car Exports in the World;In this article, we will be covering the 15 countries with the most car exports in the world. If you want to skip our detailed analysis of the global motor vehicles market, you can go directly to 5 Countries with Most Car Exports in the World. An Analysis of the Global Motor Vehicles Market According […];Tue, 05 Mar 2024 20:37:23 +0000;F_2024-03-05;0.0772;0.0
fa5f173f-9c5f-3f63-ae15-bbc458620a90;F;Ford Has a ‘Ferrari’ Division. The e-Transit Van Is a Highlight.;Auto maker Ford is celebrating the 10th anniversary of its Transit van with upgrades to the all-electric e-Transit version.;Tue, 05 Mar 2024 15:07:00 +0000;F_2024-03-05;0.5719;0.34
7180934b-9f14-31cd-b442-91f470f50aff;F;Ford (F) Reports U.S. Sales Growth of 10.5% Y/Y in February;Ford's (F) U.S. sales in February increase 10.5% year over year, making the automaker the No. 1 seller in America for two consecutive months.;Tue, 05 Mar 2024 14:34:00 +0000;F_2024-03-05;0.0258;0.3818
a3dee053-cf7c-3a5d-ba68-adf11725a358;F;Investors Heavily Search Ford Motor Company (F): Here is What You Need to Know;Ford Motor Company (F) has received quite a bit of attention from Zacks.com users lately. Therefore, it is wise to be aware of the facts that can impact the stock's prospects.;Tue, 05 Mar 2024 14:00:17 +0000;F_2024-03-05;0.6486;0.0
cd4487bb-3697-3ff0-92ec-bd2df5ac2be3;F;Stock Investors Should Cheer for China Despite Its Growth Ambitions, Here’s Why. And 5 Other Things to Know Before Markets Open.;Jeff Bezos reclaims world’s richest person crown from Elon Musk, American Airlines places big jet order in fleet overhaul, and other news to start your day.;Tue, 05 Mar 2024 11:56:00 +0000;F_2024-03-05;0.5267;0.2769
3665f975-0e96-3f4e-b1b6-6db1ffdb3122;F;A Decade of Success: Ford Pro Marks 10th Anniversary of Transit Van in America with Upgrades to E-Transit, Charging & Software;DEARBORN, Mich., March 05, 2024--Ford Transit®—America’s iconic No. 1 bestselling commercial van1—celebrates a decade in-market and its 10th year of U.S. production and sales with enhancements to E-Transit™ range and new charging, software and integrated solutions, helping to ease the transition to electric and maximize benefits for commercial customers.;Tue, 05 Mar 2024 11:00:00 +0000;F_2024-03-05;0.7003;0.5719
e587aef5-8acb-3e4e-913a-f15406042005;F;Company News for Mar 5, 2024;Companies In The News Are: SMCI, AAPL, TSLA, F.;Tue, 05 Mar 2024 09:20:00 +0000;F_2024-03-05;0.0;0.0
13916369-dee1-332a-9973-6f26ebe3c5e5;F;Tesla, EV stocks slide on startling news, but Ford rallies;Shares of pure play electric vehicle makers slide, while a legacy automaker climbs.;Mon, 04 Mar 2024 23:25:34 +0000;F_2024-03-04;0.5574;0.0387
7d56cbe2-f6a4-3d79-ad5c-8107807ee2b2;F;Tesla stock down on new challenges as Ford sees sales gains;Shares of Tesla (TSLA) fell on Monday as the EV maker's shipments fell in February as it announced price cuts in China. Shares of Ford (F) have risen as US sales for the company rose 10.5% year-over-year for the month of February. Yahoo Finance Reporter Pras Subramanian joins the Live show to discuss the the latest developments for these companies and what it could mean for them going forward. For more expert insight and the latest market action, click here to watch this full episode of Yahoo Finance Live. Editor's note: This article was written by Nicholas Jacobino;Mon, 04 Mar 2024 22:17:46 +0000;F_2024-03-04;0.296;0.4019
01398bc5-4e2e-32da-a7c4-eb2b40520010;F;Ford sales jumped in February, led by gains in hybrids and EVs;Ford announced that U.S. sales jumped by 10.5% in February with strong growth in its hybrid and EV offerings after seeing headwinds hitting EV sales in January.;Mon, 04 Mar 2024 21:48:08 +0000;F_2024-03-04;0.7096;0.34
88cc503e-e4b3-38cd-989f-9059d2927346;F;Tesla Stock Slides, Extending 2024 Decline;"Shares of Tesla fell to start the week. The stock ended Monday down 7.2%, its worst day since late January, making it the S&amp;P 500's worst performer. It is down 24% this year and off roughly 3% over the past 12 months.";Mon, 04 Mar 2024 21:23:49 +0000;F_2024-03-04;-0.7906;0.0
